i,fold,C,q,n,accuracy
1,1,1000,2,35,0.5142857142857142
1,2,0.001,8,18,0.5714285714285714
1,3,1000,2,35,0.6285714285714286
1,4,1000,8,18,0.5714285714285714
1,5,10,8,18,0.6
1,6,10,8,18,0.5714285714285714
1,7,10,2,35,0.6
1,8,100,8,18,0.6
1,9,1000,8,18,0.6285714285714286
1,10,10,8,18,0.5882352941176471
